Workbook

Sheet test3
A1: year | B1: month | C1: booking_count | D1: pickup_count | E1: return_count | F1: days_on_rent_fraction | G1: days_on_rent_whole_day | H1: booking_charge_Less_discount_aed | I1: booking_charge_aed | J1: booking_charge_less_discount_extension_aed | K1: extension_charge_aed | L1: total_booking_charge_extension
A2: 2023 | B2: 1 | C2: 4801 | D2: 4827 | E2: 4929 | F2: 69242 | G2: 77242 | H2: 5954351 | I2: 6126570 | J2: 3453693 | K2: 2806129 | L2: 6259821 | M2: =L2-H2 -> 305470
A3: 2023 | B3: 2 | C3: 4649 | D3: 4622 | E3: 4380 | F3: 63282 | G3: 71175 | H3: 5442171 | I3: 5560184 | J3: 3067989 | K3: 2709222 | L3: 5777211 | M3: =L3-H3 -> 335040
A4: 2023 | B4: 3 | C4: 5045 | D4: 4998 | E4: 4803 | F4: 81251 | G4: 89652 | H4: 6682411 | I4: 6809585 | J4: 3916425 | K4: 3163569 | L4: 7079994 | M4: =L4-H4 -> 397583
A5: 2023 | B5: 4 | C5: 4580 | D5: 4671 | E5: 4764 | F5: 78618 | G5: 87517 | H5: 6207971 | I5: 6330886 | J5: 3464895 | K5: 3080303 | L5: 6545198 | M5: =L5-H5 -> 337227
A6: 2023 | B6: 5 | C6: 4537 | D6: 4508 | E6: 4376 | F6: 81823 | G6: 88799 | H6: 6435486 | I6: 6543344 | J6: 3505168 | K6: 3221524 | L6: 6726692 | M6: =L6-H6 -> 291206
A7: 2023 | B7: 6 | C7: 4651 | D7: 4660 | E7: 4690 | F7: 81003 | G7: 89772 | H7: 6383317 | I7: 6526791 | J7: 3455782 | K7: 3195057 | L7: 6650839 | M7: =L7-H7 -> 267522
A8: 2023 | B8: 7 | C8: 4384 | D8: 4381 | E8: 4393 | F8: 77765 | G8: 84540 | H8: 5802795 | I8: 5928422 | J8: 3035987 | K8: 2926737 | L8: 5962724 | M8: =L8-H8 -> 159929
A9: 2023 | B9: 8 | C9: 5184 | D9: 5194 | E9: 4677 | F9: 87478 | G9: 95683 | H9: 6305761 | I9: 6573739 | J9: 3495402 | K9: 2835607 | L9: 6331009 | M9: =L9-H9 -> 25248
A10: 2023 | B10: 9 | C10: 5100 | D10: 5085 | E10: 5078 | F10: 94574 | G10: 102496 | H10: 7059293 | I10: 7327082 | J10: 3928797 | K10: 3382122 | L10: 7310919 | M10: =L10-H10 -> 251626
A11: 2023 | B11: 10 | C11: 6351 | D11: 6301 | E11: 6313 | F11: 98275 | G11: 108615 | H11: 7697155 | I11: 7995400 | J11: 3916395 | K11: 4161577 | L11: 8077972 | M11: =L11-H11 -> 380817
A12: 2023 | B12: 11 | C12: 5811 | D12: 5692 | E12: 5645 | F12: 95661 | G12: 105448 | H12: 7642849 | I12: 7892435 | J12: 3994086 | K12: 4063355 | L12: 8057441 | M12: =L12-H12 -> 414592
A13: 2023 | B13: 12 | C13: 6761 | D13: 6894 | E13: 6877 | F13: 94685 | G13: 107187 | H13: 7687276 | I13: 7957589 | J13: 4059020 | K13: 4093878 | L13: 8152898 | M13: =L13-H13 -> 465622
... A19: 2024 | B19: 6 | C19: 0 | D19: 0 | E19: 3 | F19: 37 | G19: 38 | H19: 2570 | I19: 2595 | J19: 0 | K19: 5160 | L19: 5160 | M19: =L19-H19 -> 2590
H21: =SUM(H2:H19) -> 101814640 | I21: =SUM(I2:I19) -> 104718188 | J21: =SUM(J2:J19) -> 55127995 | K21: =SUM(K2:K19) -> 51387541 | L21: =SUM(L2:L19) -> 106515533 | M21: =L21-H21 -> 4700893

Sheet summary
A1: id | B1: booking_id | C1: status | D1: booking_type | E1: vendor | F1: is_repeat | G1: country | H1: booking_date | I1: pickup_date | J1: pickup_datetime | K1: pickup_time | L1: return_date | M1: return_datetime | N1: return_time | O1: total_minutes_in_day | P1: minutes_rented | Q1: days_rented | R1: days_less_extension_days | S1: extension_days | T1: booking_charge_aed | U1: booking_charge_less_discount_aed | V1: booking_charge_less_discount_extension_aed | W1: extension_charge_aed | X1: pickup_hours_to_midnight | Y1: pickup_minutes_to_midnight | Z1: pickup_total_minutes_to_midnight | AA1: pickup_fraction_of_day | AB1: return_hours_to_midnight | AC1: return_minutes_to_midnight | AD1: return_total_minutes_to_midnight | AE1: return_fraction_of_day | AF1: booking_charge_aed_per_day | AG1: booking_charge_less_discount_aed_per_day | AH1: booking_charge_less_discount_extension_aed_per_day | AI1: extension_charge_aed_per_day | AJ1: created_at
A2: 1 | B2: 240667 | C2: Rental Started | D2: Monthly | E2: Dispatch | F2: YES | G2: United Arab Emirates | H2: 45292 | I2: 45293 | J2: 45293.81 | K2: 0.80972222 | L2: 45383 | M2: 45383.81 | N2: 0.80972222 | O2: 1440 | P2: 129600 | Q2: 90 | R2: 30 | S2: 60 | T2: 4865 | U2: 4865 | V2: 1507.1 | W2: 3357.9 | X2: 4 | Y2: 34 | Z2: 274 | AA2: 0.1903 | AB2: 19 | AC2: 26 | AD2: 1166 | AE2: 0.8097 | AF2: 54.055556 | AG2: 54.055556 | AH2: 50.236667 | AI2: 55.965 | AJ2: 45373.016
A3: 6003 | B3: 246867 | C3: Rental Started | D3: Subscription | E3: MarketPlace | F3: YES | G3: United Arab Emirates | H3: 45317 | I3: 45317 | J3: 45317.781 | K3: 0.78125 | L3: 45377 | M3: 45377.75 | N3: 0.75 | O3: 1440 | P3: 86355 | Q3: 59.9688 | R3: 29.9688 | S3: 30 | T3: 7473.6 | U3: 7373.6 | V3: 3875.5722 | W3: 3498.0278 | X3: 5 | Y3: 15 | Z3: 315 | AA3: 0.2188 | AB3: 18 | AC3: 0 | AD3: 1080 | AE3: 0.75 | AF3: 124.6248 | AG3: 122.95727 | AH3: 129.32023 | AI3: 116.60093 | AJ3: 45373.016
A4: 6012 | B4: 246876 | C4: Rental Ended | D4: Weekly | E4: Dispatch | F4: YES | G4: United Arab Emirates | H4: 45317 | I4: 45324 | J4: 45324.479 | K4: 0.47916667 | L4: 45332 | M4: 45332.833 | N4: 0.83333333 | O4: 1440 | P4: 12030 | Q4: 8.3542 | R4: 7.3542 | S4: 1 | T4: 1508.52 | U4: 1508.52 | V4: 1349.676 | W4: 158.844 | X4: 12 | Y4: 30 | Z4: 750 | AA4: 0.5208 | AB4: 20 | AC4: 0 | AD4: 1200 | AE4: 0.8333 | AF4: 180.57025 | AG4: 180.57025 | AH4: 183.52452 | AI4: 79.422 | AJ4: 45373.016
J6: =M2-J2 -> 90 | P6: =P2/O2 -> 90 | Q6: =SUM(R6:S6) -> 90 | R6: =R2 -> 30 | S6: =S2 -> 60 | T6: =T2/Q6 -> 54.055556 | U6: =U2/Q6 -> 54.055556 | V6: =V2/R6 -> 50.236667 | W6: =W2/S6 -> 55.965
J7: =M3-J3 -> 59.96875 | P7: =P3/O3 -> 59.96875 | Q7: =SUM(R7:S7) -> 59.9688 | R7: =29+AA3 -> 29.2188 | S7: =30+AE3 -> 30.75 | T7: =T3/Q7 -> 124.6248 | U7: =U3/Q7 -> 122.95727 | V7: =V3/R7 -> 132.63968 | W7: =W3/S7 -> 113.757
J8: =M4-J4 -> 8.3541667 | P8: =P4/O4 -> 8.3541667 | Q8: =SUM(R8:S8) -> 8.3542 | R8: =R4 -> 7.3542 | S8: =S4 -> 1 | T8: =T4/Q8 -> 180.57025 | U8: =U4/Q8 -> 180.57025 | V8: =V4/R8 -> 183.52452 | W8: =W4/S8 -> 158.844

Sheet 240667
A1: created_at | B1: calendar_date | C1: year | D1: quarter | E1: month | F1: week | G1: day | H1: days_on_rent_whole_day | I1: days_on_rent_fraction | J1: booking_count | K1: pickup_count | L1: return_count | M1: intial_rental_period | N1: extension_rental_period | O1: booking_charge_aed_rev_allocation | P1: booking_charge_Less_discount_aed_rev_allocation | Q1: booking_charge_less_discount_extension_aed_allocation | R1: extension_charge_aed_per_day_allocation | S1: vendor_on_rent_dispatch | T1: vendor_on_rent_marketplace | U1: booking_type_on_rent_daily | V1: booking_type_on_rent_weekly | W1: booking_type_on_rent_monthly | X1: booking_type_on_rent_subscription | Y1: is_repeat_on_rent_yes | Z1: is_repeat_on_rent_no | AA1: country_on_rent_united_arab_emirates | AB1: country_on_rent_bahrain | AC1: country_on_rent_saudia_arabia | AD1: country_on_rent_qatar | AE1: country_on_rent_kuwait | AF1: country_on_rent_pakistan | AG1: country_on_rent_georgia | AH1: country_on_rent_oman | AI1: country_on_rent_serbia
A2: 45373.108 | B2: 45292 | C2: 2024 | D2: 1 | E2: 1 | F2: 0 | G2: 1 | H2: 1 | I2: 0 | J2: 1 | K2: 0 | L2: 0 | M2: 0 | N2: 0 | O2: 0 | P2: 0 | Q2: 0 | R2: 0 | S2: 0 | T2: 0 | U2: 0 | V2: 0 | W2: 0 | X2: 0 | Y2: 0 | Z2: 0 | AA2: 0 | AB2: 0 | AC2: 0 | AD2: 0 | AE2: 0 | AF2: 0 | AG2: 0 | AH2: 0 | AI2: 0
A3: 45373.108 | B3: 45293 | C3: 2024 | D3: 1 | E3: 1 | F3: 0 | G3: 2 | H3: 1 | I3: 0.1903 | J3: 0 | K3: 1 | L3: 0 | M3: 1 | N3: 0 | O3: 10.286772 | P3: 10.286772 | Q3: 48.616129 | R3: 0 | S3: 0.1903 | T3: 0 | U3: 0 | V3: 0 | W3: 0.1903 | X3: 0 | Y3: 0.1903 | Z3: 0 | AA3: 0.1903 | AB3: 0 | AC3: 0 | AD3: 0 | AE3: 0 | AF3: 0 | AG3: 0 | AH3: 0 | AI3: 0
A4: 45373.108 | B4: 45294 | C4: 2024 | D4: 1 | E4: 1 | F4: 0 | G4: 3 | H4: 1 | I4: 1 | J4: 0 | K4: 0 | L4: 0 | M4: 1 | N4: 0 | O4: 54.055556 | P4: 54.055556 | Q4: 48.616129 | R4: 0 | S4: 1 | T4: 0 | U4: 0 | V4: 0 | W4: 1 | X4: 0 | Y4: 1 | Z4: 0 | AA4: 1 | AB4: 0 | AC4: 0 | AD4: 0 | AE4: 0 | AF4: 0 | AG4: 0 | AH4: 0 | AI4: 0
A5: 45373.108 | B5: 45295 | C5: 2024 | D5: 1 | E5: 1 | F5: 0 | G5: 4 | H5: 1 | I5: 1 | J5: 0 | K5: 0 | L5: 0 | M5: 1 | N5: 0 | O5: 54.055556 | P5: 54.055556 | Q5: 48.616129 | R5: 0 | S5: 1 | T5: 0 | U5: 0 | V5: 0 | W5: 1 | X5: 0 | Y5: 1 | Z5: 0 | AA5: 1 | AB5: 0 | AC5: 0 | AD5: 0 | AE5: 0 | AF5: 0 | AG5: 0 | AH5: 0 | AI5: 0
A6: 45373.108 | B6: 45296 | C6: 2024 | D6: 1 | E6: 1 | F6: 0 | G6: 5 | H6: 1 | I6: 1 | J6: 0 | K6: 0 | L6: 0 | M6: 1 | N6: 0 | O6: 54.055556 | P6: 54.055556 | Q6: 48.616129 | R6: 0 | S6: 1 | T6: 0 | U6: 0 | V6: 0 | W6: 1 | X6: 0 | Y6: 1 | Z6: 0 | AA6: 1 | AB6: 0 | AC6: 0 | AD6: 0 | AE6: 0 | AF6: 0 | AG6: 0 | AH6: 0 | AI6: 0
A7: 45373.108 | B7: 45297 | C7: 2024 | D7: 1 | E7: 1 | F7: 0 | G7: 6 | H7: 1 | I7: 1 | J7: 0 | K7: 0 | L7: 0 | M7: 1 | N7: 0 | O7: 54.055556 | P7: 54.055556 | Q7: 48.616129 | R7: 0 | S7: 1 | T7: 0 | U7: 0 | V7: 0 | W7: 1 | X7: 0 | Y7: 1 | Z7: 0 | AA7: 1 | AB7: 0 | AC7: 0 | AD7: 0 | AE7: 0 | AF7: 0 | AG7: 0 | AH7: 0 | AI7: 0
A8: 45373.108 | B8: 45298 | C8: 2024 | D8: 1 | E8: 1 | F8: 1 | G8: 7 | H8: 1 | I8: 1 | J8: 0 | K8: 0 | L8: 0 | M8: 1 | N8: 0 | O8: 54.055556 | P8: 54.055556 | Q8: 48.616129 | R8: 0 | S8: 1 | T8: 0 | U8: 0 | V8: 0 | W8: 1 | X8: 0 | Y8: 1 | Z8: 0 | AA8: 1 | AB8: 0 | AC8: 0 | AD8: 0 | AE8: 0 | AF8: 0 | AG8: 0 | AH8: 0 | AI8: 0
A9: 45373.108 | B9: 45299 | C9: 2024 | D9: 1 | E9: 1 | F9: 1 | G9: 8 | H9: 1 | I9: 1 | J9: 0 | K9: 0 | L9: 0 | M9: 1 | N9: 0 | O9: 54.055556 | P9: 54.055556 | Q9: 48.616129 | R9: 0 | S9: 1 | T9: 0 | U9: 0 | V9: 0 | W9: 1 | X9: 0 | Y9: 1 | Z9: 0 | AA9: 1 | AB9: 0 | AC9: 0 | AD9: 0 | AE9: 0 | AF9: 0 | AG9: 0 | AH9: 0 | AI9: 0
A10: 45373.108 | B10: 45300 | C10: 2024 | D10: 1 | E10: 1 | F10: 1 | G10: 9 | H10: 1 | I10: 1 | J10: 0 | K10: 0 | L10: 0 | M10: 1 | N10: 0 | O10: 54.055556 | P10: 54.055556 | Q10: 48.616129 | R10: 0 | S10: 1 | T10: 0 | U10: 0 | V10: 0 | W10: 1 | X10: 0 | Y10: 1 | Z10: 0 | AA10: 1 | AB10: 0 | AC10: 0 | AD10: 0 | AE10: 0 | AF10: 0 | AG10: 0 | AH10: 0 | AI10: 0
A11: 45373.108 | B11: 45301 | C11: 2024 | D11: 1 | E11: 1 | F11: 1 | G11: 10 | H11: 1 | I11: 1 | J11: 0 | K11: 0 | L11: 0 | M11: 1 | N11: 0 | O11: 54.055556 | P11: 54.055556 | Q11: 48.616129 | R11: 0 | S11: 1 | T11: 0 | U11: 0 | V11: 0 | W11: 1 | X11: 0 | Y11: 1 | Z11: 0 | AA11: 1 | AB11: 0 | AC11: 0 | AD11: 0 | AE11: 0 | AF11: 0 | AG11: 0 | AH11: 0 | AI11: 0
A12: 45373.108 | B12: 45302 | C12: 2024 | D12: 1 | E12: 1 | F12: 1 | G12: 11 | H12: 1 | I12: 1 | J12: 0 | K12: 0 | L12: 0 | M12: 1 | N12: 0 | O12: 54.055556 | P12: 54.055556 | Q12: 48.616129 | R12: 0 | S12: 1 | T12: 0 | U12: 0 | V12: 0 | W12: 1 | X12: 0 | Y12: 1 | Z12: 0 | AA12: 1 | AB12: 0 | AC12: 0 | AD12: 0 | AE12: 0 | AF12: 0 | AG12: 0 | AH12: 0 | AI12: 0
A13: 45373.108 | B13: 45303 | C13: 2024 | D13: 1 | E13: 1 | F13: 1 | G13: 12 | H13: 1 | I13: 1 | J13: 0 | K13: 0 | L13: 0 | M13: 1 | N13: 0 | O13: 54.055556 | P13: 54.055556 | Q13: 48.616129 | R13: 0 | S13: 1 | T13: 0 | U13: 0 | V13: 0 | W13: 1 | X13: 0 | Y13: 1 | Z13: 0 | AA13: 1 | AB13: 0 | AC13: 0 | AD13: 0 | AE13: 0 | AF13: 0 | AG13: 0 | AH13: 0 | AI13: 0
... A93: 45373.108 | B93: 45383 | C93: 2024 | D93: 2 | E93: 4 | F93: 13 | G93: 1 | H93: 1 | I93: 0.8097 | J93: 0 | K93: 0 | L93: 1 | M93: 0 | N93: 1 | O93: 43.768783 | P93: 43.768783 | Q93: 0 | R93: 55.965 | S93: 0.8097 | T93: 0 | U93: 0 | V93: 0 | W93: 0.8097 | X93: 0 | Y93: 0.8097 | Z93: 0 | AA93: 0.8097 | AB93: 0 | AC93: 0 | AD93: 0 | AE93: 0 | AF93: 0 | AG93: 0 | AH93: 0 | AI93: 0
I96: =SUM(I3:I33) -> 30.1903 | M96: =SUM(M3:M93) -> 30 | N96: =SUM(N3:N93) -> 61 | O96: =SUM(O3:O93) -> 4865 | P96: =SUM(P3:P93) -> 4865 | Q96: =SUM(Q3:Q93) -> 1507.1 | R96: =SUM(R3:R93) -> 3357.9
O97: =summary!T2 -> 4865 | P97: =summary!U2 -> 4865 | Q97: =summary!V2 -> 1507.1 | R97: =summary!W2 -> 3357.9
O98: =O97-O96 -> 0 | P98: =P97-P96 -> 0 | Q98: =Q97-Q96 -> 2.5011104e-12 | R98: =R97-R96 -> 0
Q100: =Q3 -> 48.616129 | R100: =R92-R93 -> 0

Sheet 246867
A1: created_at | B1: calendar_date | C1: year | D1: quarter | E1: month | F1: week | G1: day | H1: days_on_rent_whole_day | I1: days_on_rent_fraction | J1: booking_count | K1: pickup_count | L1: return_count | M1: intial_rental_period | N1: extension_rental_period | O1: booking_charge_aed_rev_allocation | P1: booking_charge_Less_discount_aed_rev_allocation | Q1: booking_charge_less_discount_extension_aed_allocation | R1: extension_charge_aed_per_day_allocation | S1: vendor_on_rent_dispatch | T1: vendor_on_rent_marketplace | U1: booking_type_on_rent_daily | V1: booking_type_on_rent_weekly | W1: booking_type_on_rent_monthly | X1: booking_type_on_rent_subscription | Y1: is_repeat_on_rent_yes | Z1: is_repeat_on_rent_no | AA1: country_on_rent_united_arab_emirates | AB1: country_on_rent_bahrain | AC1: country_on_rent_saudia_arabia | AD1: country_on_rent_qatar | AE1: country_on_rent_kuwait | AF1: country_on_rent_pakistan | AG1: country_on_rent_georgia | AH1: country_on_rent_oman | AI1: country_on_rent_serbia
A2: 45373.11 | B2: 45317 | C2: 2024 | D2: 1 | E2: 1 | F2: 3 | G2: 26 | H2: 1 | I2: 0.2188 | J2: 1 | K2: 1 | L2: 0 | M2: 1 | N2: 0 | O2: 27.267907 | P2: 26.903051 | Q2: 125.01846 | R2: 0 | S2: 0 | T2: 0.2188 | U2: 0 | V2: 0 | W2: 0 | X2: 0.2188 | Y2: 0.2188 | Z2: 0 | AA2: 0.2188 | AB2: 0 | AC2: 0 | AD2: 0 | AE2: 0 | AF2: 0 | AG2: 0 | AH2: 0 | AI2: 0
A3: 45373.11 | B3: 45318 | C3: 2024 | D3: 1 | E3: 1 | F3: 3 | G3: 27 | H3: 1 | I3: 1 | J3: 0 | K3: 0 | L3: 0 | M3: 1 | N3: 0 | O3: 124.6248 | P3: 122.95727 | Q3: 125.01846 | R3: 0 | S3: 0 | T3: 1 | U3: 0 | V3: 0 | W3: 0 | X3: 1 | Y3: 1 | Z3: 0 | AA3: 1 | AB3: 0 | AC3: 0 | AD3: 0 | AE3: 0 | AF3: 0 | AG3: 0 | AH3: 0 | AI3: 0
A4: 45373.11 | B4: 45319 | C4: 2024 | D4: 1 | E4: 1 | F4: 4 | G4: 28 | H4: 1 | I4: 1 | J4: 0 | K4: 0 | L4: 0 | M4: 1 | N4: 0 | O4: 124.6248 | P4: 122.95727 | Q4: 125.01846 | R4: 0 | S4: 0 | T4: 1 | U4: 0 | V4: 0 | W4: 0 | X4: 1 | Y4: 1 | Z4: 0 | AA4: 1 | AB4: 0 | AC4: 0 | AD4: 0 | AE4: 0 | AF4: 0 | AG4: 0 | AH4: 0 | AI4: 0
A5: 45373.11 | B5: 45320 | C5: 2024 | D5: 1 | E5: 1 | F5: 4 | G5: 29 | H5: 1 | I5: 1 | J5: 0 | K5: 0 | L5: 0 | M5: 1 | N5: 0 | O5: 124.6248 | P5: 122.95727 | Q5: 125.01846 | R5: 0 | S5: 0 | T5: 1 | U5: 0 | V5: 0 | W5: 0 | X5: 1 | Y5: 1 | Z5: 0 | AA5: 1 | AB5: 0 | AC5: 0 | AD5: 0 | AE5: 0 | AF5: 0 | AG5: 0 | AH5: 0 | AI5: 0
A6: 45373.11 | B6: 45321 | C6: 2024 | D6: 1 | E6: 1 | F6: 4 | G6: 30 | H6: 1 | I6: 1 | J6: 0 | K6: 0 | L6: 0 | M6: 1 | N6: 0 | O6: 124.6248 | P6: 122.95727 | Q6: 125.01846 | R6: 0 | S6: 0 | T6: 1 | U6: 0 | V6: 0 | W6: 0 | X6: 1 | Y6: 1 | Z6: 0 | AA6: 1 | AB6: 0 | AC6: 0 | AD6: 0 | AE6: 0 | AF6: 0 | AG6: 0 | AH6: 0 | AI6: 0
A7: 45373.11 | B7: 45322 | C7: 2024 | D7: 1 | E7: 1 | F7: 4 | G7: 31 | H7: 1 | I7: 1 | J7: 0 | K7: 0 | L7: 0 | M7: 1 | N7: 0 | O7: 124.6248 | P7: 122.95727 | Q7: 125.01846 | R7: 0 | S7: 0 | T7: 1 | U7: 0 | V7: 0 | W7: 0 | X7: 1 | Y7: 1 | Z7: 0 | AA7: 1 | AB7: 0 | AC7: 0 | AD7: 0 | AE7: 0 | AF7: 0 | AG7: 0 | AH7: 0 | AI7: 0
A8: 45373.11 | B8: 45323 | C8: 2024 | D8: 1 | E8: 2 | F8: 4 | G8: 1 | H8: 1 | I8: 1 | J8: 0 | K8: 0 | L8: 0 | M8: 1 | N8: 0 | O8: 124.6248 | P8: 122.95727 | Q8: 125.01846 | R8: 0 | S8: 0 | T8: 1 | U8: 0 | V8: 0 | W8: 0 | X8: 1 | Y8: 1 | Z8: 0 | AA8: 1 | AB8: 0 | AC8: 0 | AD8: 0 | AE8: 0 | AF8: 0 | AG8: 0 | AH8: 0 | AI8: 0
A9: 45373.11 | B9: 45324 | C9: 2024 | D9: 1 | E9: 2 | F9: 4 | G9: 2 | H9: 1 | I9: 1 | J9: 0 | K9: 0 | L9: 0 | M9: 1 | N9: 0 | O9: 124.6248 | P9: 122.95727 | Q9: 125.01846 | R9: 0 | S9: 0 | T9: 1 | U9: 0 | V9: 0 | W9: 0 | X9: 1 | Y9: 1 | Z9: 0 | AA9: 1 | AB9: 0 | AC9: 0 | AD9: 0 | AE9: 0 | AF9: 0 | AG9: 0 | AH9: 0 | AI9: 0
A10: 45373.11 | B10: 45325 | C10: 2024 | D10: 1 | E10: 2 | F10: 4 | G10: 3 | H10: 1 | I10: 1 | J10: 0 | K10: 0 | L10: 0 | M10: 1 | N10: 0 | O10: 124.6248 | P10: 122.95727 | Q10: 125.01846 | R10: 0 | S10: 0 | T10: 1 | U10: 0 | V10: 0 | W10: 0 | X10: 1 | Y10: 1 | Z10: 0 | AA10: 1 | AB10: 0 | AC10: 0 | AD10: 0 | AE10: 0 | AF10: 0 | AG10: 0 | AH10: 0 | AI10: 0
A11: 45373.11 | B11: 45326 | C11: 2024 | D11: 1 | E11: 2 | F11: 5 | G11: 4 | H11: 1 | I11: 1 | J11: 0 | K11: 0 | L11: 0 | M11: 1 | N11: 0 | O11: 124.6248 | P11: 122.95727 | Q11: 125.01846 | R11: 0 | S11: 0 | T11: 1 | U11: 0 | V11: 0 | W11: 0 | X11: 1 | Y11: 1 | Z11: 0 | AA11: 1 | AB11: 0 | AC11: 0 | AD11: 0 | AE11: 0 | AF11: 0 | AG11: 0 | AH11: 0 | AI11: 0
A12: 45373.11 | B12: 45327 | C12: 2024 | D12: 1 | E12: 2 | F12: 5 | G12: 5 | H12: 1 | I12: 1 | J12: 0 | K12: 0 | L12: 0 | M12: 1 | N12: 0 | O12: 124.6248 | P12: 122.95727 | Q12: 125.01846 | R12: 0 | S12: 0 | T12: 1 | U12: 0 | V12: 0 | W12: 0 | X12: 1 | Y12: 1 | Z12: 0 | AA12: 1 | AB12: 0 | AC12: 0 | AD12: 0 | AE12: 0 | AF12: 0 | AG12: 0 | AH12: 0 | AI12: 0
A13: 45373.11 | B13: 45328 | C13: 2024 | D13: 1 | E13: 2 | F13: 5 | G13: 6 | H13: 1 | I13: 1 | J13: 0 | K13: 0 | L13: 0 | M13: 1 | N13: 0 | O13: 124.6248 | P13: 122.95727 | Q13: 125.01846 | R13: 0 | S13: 0 | T13: 1 | U13: 0 | V13: 0 | W13: 0 | X13: 1 | Y13: 1 | Z13: 0 | AA13: 1 | AB13: 0 | AC13: 0 | AD13: 0 | AE13: 0 | AF13: 0 | AG13: 0 | AH13: 0 | AI13: 0
... A62: 45373.11 | B62: 45377 | C62: 2024 | D62: 1 | E62: 3 | F62: 12 | G62: 26 | H62: 1 | I62: 0.75 | J62: 0 | K62: 0 | L62: 1 | M62: 0 | N62: 1 | O62: 93.468604 | P62: 92.217953 | Q62: 0 | R62: 116.60093 | S62: 0 | T62: 0.75 | U62: 0 | V62: 0 | W62: 0 | X62: 0.75 | Y62: 0.75 | Z62: 0 | AA62: 0.75 | AB62: 0 | AC62: 0 | AD62: 0 | AE62: 0 | AF62: 0 | AG62: 0 | AH62: 0 | AI62: 0
I65: =SUM(I1:I32) -> 30.2188 | O65: =SUM(O2:O62) -> 7473.6 | P65: =SUM(P2:P62) -> 7373.6 | Q65: =SUM(Q2:Q62) -> 3875.5722 | R65: =SUM(R2:R62) -> 3498.0278
O66: =summary!T3 -> 7473.6 | P66: =summary!U3 -> 7373.6 | Q66: =summary!V3 -> 3875.5722 | R66: =summary!W3 -> 3498.0278
O67: =O66-O65 -> 0 | P67: =P66-P65 -> 4.1836756e-11 | Q67: =Q66-Q65 -> 0 | R67: =R66-R65 -> 0
Q69: =Q2 -> 125.01846 | R69: =R61-R62 -> 0

Sheet 246876
A1: created_at | B1: calendar_date | C1: year | D1: quarter | E1: month | F1: week | G1: day | H1: days_on_rent_whole_day | I1: days_on_rent_fraction | J1: booking_count | K1: pickup_count | L1: return_count | M1: intial_rental_period | N1: extension_rental_period | O1: booking_charge_aed_rev_allocation | P1: booking_charge_Less_discount_aed_rev_allocation | Q1: booking_charge_less_discount_extension_aed_allocation | R1: extension_charge_aed_per_day_allocation | S1: vendor_on_rent_dispatch | T1: vendor_on_rent_marketplace | U1: booking_type_on_rent_daily | V1: booking_type_on_rent_weekly | W1: booking_type_on_rent_monthly | X1: booking_type_on_rent_subscription | Y1: is_repeat_on_rent_yes | Z1: is_repeat_on_rent_no | AA1: country_on_rent_united_arab_emirates | AB1: country_on_rent_bahrain | AC1: country_on_rent_saudia_arabia | AD1: country_on_rent_qatar | AE1: country_on_rent_kuwait | AF1: country_on_rent_pakistan | AG1: country_on_rent_georgia | AH1: country_on_rent_oman | AI1: country_on_rent_serbia
A2: 45373.107 | B2: 45317 | C2: 2024 | D2: 1 | E2: 1 | F2: 3 | G2: 26 | H2: 1 | I2: 0 | J2: 1 | K2: 0 | L2: 0 | M2: 0 | N2: 0 | O2: 0 | P2: 0 | Q2: 0 | R2: 0 | S2: 0 | T2: 0 | U2: 0 | V2: 0 | W2: 0 | X2: 0 | Y2: 0 | Z2: 0 | AA2: 0 | AB2: 0 | AC2: 0 | AD2: 0 | AE2: 0 | AF2: 0 | AG2: 0 | AH2: 0 | AI2: 0
A3: 45373.107 | B3: 45318 | C3: 2024 | D3: 1 | E3: 1 | F3: 3 | G3: 27 | H3: 1 | I3: 0 | J3: 0 | K3: 0 | L3: 0 | M3: 0 | N3: 0 | O3: 0 | P3: 0 | Q3: 0 | R3: 0 | S3: 0 | T3: 0 | U3: 0 | V3: 0 | W3: 0 | X3: 0 | Y3: 0 | Z3: 0 | AA3: 0 | AB3: 0 | AC3: 0 | AD3: 0 | AE3: 0 | AF3: 0 | AG3: 0 | AH3: 0 | AI3: 0
A4: 45373.107 | B4: 45319 | C4: 2024 | D4: 1 | E4: 1 | F4: 4 | G4: 28 | H4: 1 | I4: 0 | J4: 0 | K4: 0 | L4: 0 | M4: 0 | N4: 0 | O4: 0 | P4: 0 | Q4: 0 | R4: 0 | S4: 0 | T4: 0 | U4: 0 | V4: 0 | W4: 0 | X4: 0 | Y4: 0 | Z4: 0 | AA4: 0 | AB4: 0 | AC4: 0 | AD4: 0 | AE4: 0 | AF4: 0 | AG4: 0 | AH4: 0 | AI4: 0
A5: 45373.107 | B5: 45320 | C5: 2024 | D5: 1 | E5: 1 | F5: 4 | G5: 29 | H5: 1 | I5: 0 | J5: 0 | K5: 0 | L5: 0 | M5: 0 | N5: 0 | O5: 0 | P5: 0 | Q5: 0 | R5: 0 | S5: 0 | T5: 0 | U5: 0 | V5: 0 | W5: 0 | X5: 0 | Y5: 0 | Z5: 0 | AA5: 0 | AB5: 0 | AC5: 0 | AD5: 0 | AE5: 0 | AF5: 0 | AG5: 0 | AH5: 0 | AI5: 0
A6: 45373.107 | B6: 45321 | C6: 2024 | D6: 1 | E6: 1 | F6: 4 | G6: 30 | H6: 1 | I6: 0 | J6: 0 | K6: 0 | L6: 0 | M6: 0 | N6: 0 | O6: 0 | P6: 0 | Q6: 0 | R6: 0 | S6: 0 | T6: 0 | U6: 0 | V6: 0 | W6: 0 | X6: 0 | Y6: 0 | Z6: 0 | AA6: 0 | AB6: 0 | AC6: 0 | AD6: 0 | AE6: 0 | AF6: 0 | AG6: 0 | AH6: 0 | AI6: 0
A7: 45373.107 | B7: 45322 | C7: 2024 | D7: 1 | E7: 1 | F7: 4 | G7: 31 | H7: 1 | I7: 0 | J7: 0 | K7: 0 | L7: 0 | M7: 0 | N7: 0 | O7: 0 | P7: 0 | Q7: 0 | R7: 0 | S7: 0 | T7: 0 | U7: 0 | V7: 0 | W7: 0 | X7: 0 | Y7: 0 | Z7: 0 | AA7: 0 | AB7: 0 | AC7: 0 | AD7: 0 | AE7: 0 | AF7: 0 | AG7: 0 | AH7: 0 | AI7: 0
A8: 45373.107 | B8: 45323 | C8: 2024 | D8: 1 | E8: 2 | F8: 4 | G8: 1 | H8: 1 | I8: 0 | J8: 0 | K8: 0 | L8: 0 | M8: 0 | N8: 0 | O8: 0 | P8: 0 | Q8: 0 | R8: 0 | S8: 0 | T8: 0 | U8: 0 | V8: 0 | W8: 0 | X8: 0 | Y8: 0 | Z8: 0 | AA8: 0 | AB8: 0 | AC8: 0 | AD8: 0 | AE8: 0 | AF8: 0 | AG8: 0 | AH8: 0 | AI8: 0
A9: 45373.107 | B9: 45324 | C9: 2024 | D9: 1 | E9: 2 | F9: 4 | G9: 2 | H9: 1 | I9: 0.5208 | J9: 0 | K9: 1 | L9: 0 | M9: 1 | N9: 0 | O9: 94.040987 | P9: 94.040987 | Q9: 168.7095 | R9: 0 | S9: 0.5208 | T9: 0 | U9: 0 | V9: 0.5208 | W9: 0 | X9: 0 | Y9: 0.5208 | Z9: 0 | AA9: 0.5208 | AB9: 0 | AC9: 0 | AD9: 0 | AE9: 0 | AF9: 0 | AG9: 0 | AH9: 0 | AI9: 0
A10: 45373.107 | B10: 45325 | C10: 2024 | D10: 1 | E10: 2 | F10: 4 | G10: 3 | H10: 1 | I10: 1 | J10: 0 | K10: 0 | L10: 0 | M10: 1 | N10: 0 | O10: 180.57025 | P10: 180.57025 | Q10: 168.7095 | R10: 0 | S10: 1 | T10: 0 | U10: 0 | V10: 1 | W10: 0 | X10: 0 | Y10: 1 | Z10: 0 | AA10: 1 | AB10: 0 | AC10: 0 | AD10: 0 | AE10: 0 | AF10: 0 | AG10: 0 | AH10: 0 | AI10: 0
A11: 45373.107 | B11: 45326 | C11: 2024 | D11: 1 | E11: 2 | F11: 5 | G11: 4 | H11: 1 | I11: 1 | J11: 0 | K11: 0 | L11: 0 | M11: 1 | N11: 0 | O11: 180.57025 | P11: 180.57025 | Q11: 168.7095 | R11: 0 | S11: 1 | T11: 0 | U11: 0 | V11: 1 | W11: 0 | X11: 0 | Y11: 1 | Z11: 0 | AA11: 1 | AB11: 0 | AC11: 0 | AD11: 0 | AE11: 0 | AF11: 0 | AG11: 0 | AH11: 0 | AI11: 0
A12: 45373.107 | B12: 45327 | C12: 2024 | D12: 1 | E12: 2 | F12: 5 | G12: 5 | H12: 1 | I12: 1 | J12: 0 | K12: 0 | L12: 0 | M12: 1 | N12: 0 | O12: 180.57025 | P12: 180.57025 | Q12: 168.7095 | R12: 0 | S12: 1 | T12: 0 | U12: 0 | V12: 1 | W12: 0 | X12: 0 | Y12: 1 | Z12: 0 | AA12: 1 | AB12: 0 | AC12: 0 | AD12: 0 | AE12: 0 | AF12: 0 | AG12: 0 | AH12: 0 | AI12: 0
A13: 45373.107 | B13: 45328 | C13: 2024 | D13: 1 | E13: 2 | F13: 5 | G13: 6 | H13: 1 | I13: 1 | J13: 0 | K13: 0 | L13: 0 | M13: 1 | N13: 0 | O13: 180.57025 | P13: 180.57025 | Q13: 168.7095 | R13: 0 | S13: 1 | T13: 0 | U13: 0 | V13: 1 | W13: 0 | X13: 0 | Y13: 1 | Z13: 0 | AA13: 1 | AB13: 0 | AC13: 0 | AD13: 0 | AE13: 0 | AF13: 0 | AG13: 0 | AH13: 0 | AI13: 0
... A17: 45373.107 | B17: 45332 | C17: 2024 | D17: 1 | E17: 2 | F17: 5 | G17: 10 | H17: 1 | I17: 0.8333 | J17: 0 | K17: 0 | L17: 1 | M17: 0 | N17: 1 | O17: 150.46919 | P17: 150.46919 | Q17: 0 | R17: 158.844 | S17: 0.8333 | T17: 0 | U17: 0 | V17: 0.8333 | W17: 0 | X17: 0 | Y17: 0.8333 | Z17: 0 | AA17: 0.8333 | AB17: 0 | AC17: 0 | AD17: 0 | AE17: 0 | AF17: 0 | AG17: 0 | AH17: 0 | AI17: 0
I21: =SUM(I9:I16) -> 7.5208 | O21: =SUM(O2:O17) -> 1508.5019 | P21: =SUM(P2:P17) -> 1508.5019 | Q21: =SUM(Q2:Q17) -> 1349.676 | R21: =SUM(R2:R17) -> 158.844
O22: =summary!T4 -> 1508.52 | P22: =summary!U4 -> 1508.52 | Q22: =summary!V4 -> 1349.676 | R22: =summary!W4 -> 158.844
O23: =O22-O21 -> 0.018057025 | P23: =P22-P21 -> 0.018057025 | Q23: =Q22-Q21 -> 0 | R23: =R22-R21 -> 0
R25: =R17-R18 -> 158.844
